{"stats":{"minecraft:custom":{"minecraft:jump":82,"minecraft:time_since_rest":15105,"minecraft:damage_taken":20,"minecraft:leave_game":2,"minecraft:play_time":15105,"minecraft:sprint_one_cm":14939,"minecraft:time_since_death":15105,"minecraft:walk_on_water_one_cm":1222,"minecraft:walk_one_cm":4973,"minecraft:sneak_time":458,"minecraft:total_world_time":15105,"minecraft:walk_under_water_one_cm":245,"minecraft:swim_one_cm":1391,"minecraft:fall_one_cm":1565,"minecraft:fly_one_cm":557664},"minecraft:mined":{"biomesoplenty:high_grass_plant":1}},"DataVersion":3465}