{"stats":{"minecraft:custom":{"minecraft:jump":146,"minecraft:time_since_rest":5448,"minecraft:walk_on_water_one_cm":142,"minecraft:damage_dealt":22,"minecraft:crouch_one_cm":51,"minecraft:damage_taken":180,"minecraft:sprint_one_cm":21646,"minecraft:play_time":5448,"minecraft:time_since_death":5448,"minecraft:walk_one_cm":6291,"minecraft:sneak_time":27,"minecraft:total_world_time":5448,"minecraft:walk_under_water_one_cm":213,"minecraft:swim_one_cm":4089,"minecraft:fall_one_cm":8932,"minecraft:fly_one_cm":42140},"minecraft:mined":{"minecraft:tall_grass":4,"biomesoplenty:high_grass":5,"minecraft:oak_leaves":1,"biomesoplenty:high_grass_plant":10},"minecraft:picked_up":{"minecolonies:supplychestdeployer":1}},"DataVersion":3465}