{"stats":{"minecraft:custom":{"minecraft:time_since_rest":12697,"minecraft:interact_with_furnace":5,"minecraft:sprint_one_cm":85314,"minecraft:damage_taken":1215,"minecraft:walk_one_cm":80943,"minecraft:mob_kills":14,"minecraft:damage_dealt":1892,"minecraft:swim_one_cm":23200,"minecraft:interact_with_crafting_table":5,"minecraft:fly_one_cm":122446,"minecraft:open_barrel":12,"minecraft:crouch_one_cm":8041,"minecraft:deaths":2,"minecraft:play_time":41448,"minecraft:sneak_time":2599,"minecraft:walk_under_water_one_cm":5584,"minecraft:jump":677,"minecraft:walk_on_water_one_cm":12323,"minecraft:time_since_death":12671,"minecraft:total_world_time":41448,"minecraft:climb_one_cm":3734,"minecraft:fall_one_cm":31755},"minecraft:used":{"minecraft:stone_pickaxe":83,"minecraft:iron_pickaxe":13,"minecraft:oak_planks":25,"minecraft:torch":1,"minecraft:stone_axe":50,"minecraft:cobblestone":45,"minecraft:crafting_table":2,"minecraft:furnace":1,"minecraft:oak_sapling":1,"minecraft:cobbled_deepslate":10,"minecraft:potato":1,"minecraft:cooked_beef":9,"minecolonies:supplychestdeployer":1,"structurize:sceptergold":7},"minecraft:crafted":{"minecraft:crafting_table":2,"minecraft:spruce_planks":28,"minecraft:iron_ingot":4,"minecraft:iron_pickaxe":1,"minecraft:furnace":1,"minecraft:air":0},"minecraft:killed":{"minecraft:skeleton":3,"minecraft:cave_spider":4,"minecraft:zombie":3,"minecraft:pig":2,"minecraft:spider":1,"minecraft:creeper":1},"minecraft:mined":{"minecraft:deepslate_diamond_ore":1,"minecraft:iron_ore":23,"minecraft:spruce_log":7,"minecraft:deepslate_lapis_ore":2,"gravestone:gravestone":1,"minecraft:coal_ore":4,"biomesoplenty:high_grass":5,"minecraft:rose_bush":1,"minecraft:sunflower":1,"biomesoplenty:high_grass_plant":10,"minecraft:tall_grass":4,"minecraft:spruce_leaves":2,"biomesoplenty:spider_egg":1,"minecraft:stone":46,"minecraft:deepslate":18,"minecraft:oak_leaves":6},"minecraft:picked_up":{"minecraft:raw_iron":23,"minecolonies:supplychestdeployer":1,"minecraft:stick":3,"minecraft:porkchop":4,"minecraft:spruce_sapling":1,"minecraft:spruce_log":7,"minecraft:spider_eye":2,"minecraft:lapis_lazuli":15,"minecraft:string":5,"minecraft:bone":4,"minecraft:arrow":3,"minecraft:rotten_flesh":1,"minecraft:diamond":1,"minecraft:cobbled_deepslate":18,"minecraft:oak_sapling":1,"minecraft:coal":4,"minecraft:cobblestone":45}},"DataVersion":3465}