{"stats":{"minecraft:custom":{"minecraft:interact_with_furnace":5,"minecraft:mob_kills":24,"minecraft:interact_with_crafting_table":6,"minecraft:open_barrel":12,"minecraft:time_since_death":28061,"minecraft:climb_one_cm":3776,"minecraft:time_since_rest":28092,"minecraft:sprint_one_cm":213924,"minecraft:damage_taken":3110,"minecraft:walk_one_cm":150688,"minecraft:drop":1,"minecraft:damage_dealt":3559,"minecraft:swim_one_cm":30861,"minecraft:fly_one_cm":274157,"minecraft:open_chest":4,"minecraft:crouch_one_cm":12367,"minecraft:play_time":71448,"minecraft:deaths":3,"minecraft:sneak_time":5056,"minecraft:walk_under_water_one_cm":13179,"minecraft:jump":1633,"minecraft:walk_on_water_one_cm":19838,"minecraft:total_world_time":71448,"minecraft:fall_one_cm":66543},"minecraft:killed_by":{"minecraft:cave_spider":1},"minecraft:used":{"minecraft:diorite":5,"minecraft:stone_pickaxe":83,"minecraft:oak_planks":54,"minecraft:chest":3,"minecraft:cooked_chicken":16,"minecraft:torch":5,"minecraft:dirt":3,"minecraft:crafting_table":3,"minecraft:tuff":4,"minecraft:granite":13,"minecolonies:supplychestdeployer":1,"minecraft:iron_pickaxe":185,"minecraft:stone_axe":72,"minecraft:wooden_sword":53,"minecraft:cobblestone":72,"minecraft:oak_sapling":1,"minecraft:furnace":1,"minecraft:andesite":2,"minecraft:cooked_beef":15,"minecraft:potato":26,"minecraft:cobbled_deepslate":65,"structurize:sceptergold":7},"minecraft:crafted":{"minecraft:wooden_sword":1,"minecraft:crafting_table":3,"minecraft:spruce_planks":28,"minecraft:furnace":1,"minecraft:air":0,"minecraft:iron_ingot":4,"minecraft:iron_pickaxe":1,"minecraft:chest":3},"minecraft:killed":{"minecraft:cave_spider":10,"minecraft:pig":2,"minecraft:spider":1,"minecraft:creeper":1,"minecraft:skeleton":3,"minecraft:zombie":6},"minecraft:dropped":{"minecraft:oak_planks":3},"minecraft:mined":{"create:deepslate_zinc_ore":2,"minecraft:tuff":4,"minecolonies:blockminecoloniesgrave":4,"minecraft:deepslate_diamond_ore":5,"createloveandwar:sulphur_ore":1,"minecraft:granite":13,"gravestone:gravestone":3,"minecraft:rose_bush":1,"biomesoplenty:high_grass_plant":10,"minecraft:copper_ore":4,"minecraft:tall_grass":4,"minecraft:spruce_leaves":2,"minecraft:oak_planks":3,"minecraft:diorite":8,"minecraft:wall_torch":2,"minecraft:spawner":3,"minecraft:iron_ore":29,"minecraft:spruce_log":7,"minecraft:andesite":4,"minecraft:deepslate_lapis_ore":2,"biomesoplenty:webbing":1,"minecraft:coal_ore":14,"biomesoplenty:high_grass":5,"minecraft:deepslate_iron_ore":6,"minecraft:rail":2,"minecraft:sunflower":1,"minecraft:dirt":3,"minecraft:cobweb":7,"minecraft:stone":82,"biomesoplenty:spider_egg":2,"minecraft:oak_leaves":6,"minecraft:deepslate":73},"minecraft:picked_up":{"minecraft:andesite":4,"minecraft:tuff":4,"create:raw_zinc":2,"minecraft:gunpowder":3,"minecraft:raw_copper":8,"minecraft:lapis_lazuli":15,"minecraft:dirt":4,"minecraft:string":16,"minecraft:bone":5,"minecraft:bow":1,"minecraft:cobbled_deepslate":73,"minecraft:oak_planks":3,"minecraft:stick":3,"minecolonies:supplychestdeployer":1,"minecraft:raw_iron":35,"minecraft:torch":2,"createloveandwar:raw_sulphur":3,"minecraft:porkchop":4,"minecraft:spruce_sapling":1,"minecraft:diorite":11,"minecraft:spruce_log":7,"minecraft:spider_eye":5,"minecraft:rotten_flesh":6,"minecraft:arrow":3,"minecraft:diamond":5,"minecraft:granite":13,"minecraft:oak_sapling":1,"minecraft:coal":13,"minecraft:rail":2,"minecraft:cobblestone":77},"minecraft:broken":{"minecraft:wooden_sword":1,"minecraft:stone_axe":1}},"DataVersion":3465}