{"stats":{"minecraft:custom":{"minecraft:time_since_rest":697,"minecraft:interact_with_furnace":1,"minecraft:sprint_one_cm":52844,"minecraft:damage_taken":865,"minecraft:walk_one_cm":54339,"minecraft:mob_kills":9,"minecraft:damage_dealt":1212,"minecraft:swim_one_cm":22884,"minecraft:interact_with_crafting_table":1,"minecraft:fly_one_cm":102619,"minecraft:open_barrel":12,"minecraft:crouch_one_cm":2502,"minecraft:deaths":2,"minecraft:play_time":29448,"minecraft:sneak_time":566,"minecraft:walk_under_water_one_cm":4538,"minecraft:jump":471,"minecraft:walk_on_water_one_cm":4312,"minecraft:time_since_death":671,"minecraft:total_world_time":29448,"minecraft:climb_one_cm":3734,"minecraft:fall_one_cm":25563},"minecraft:used":{"minecraft:stone_pickaxe":36,"minecraft:stone_axe":31,"minecraft:oak_sapling":1,"minecraft:potato":1,"minecraft:cooked_beef":5,"minecolonies:supplychestdeployer":1,"structurize:sceptergold":7},"minecraft:killed":{"minecraft:skeleton":3,"minecraft:zombie":2,"minecraft:pig":2,"minecraft:spider":1,"minecraft:creeper":1},"minecraft:mined":{"minecraft:spruce_log":7,"minecraft:coal_ore":3,"biomesoplenty:high_grass":5,"minecraft:rose_bush":1,"minecraft:sunflower":1,"biomesoplenty:high_grass_plant":10,"minecraft:tall_grass":4,"minecraft:spruce_leaves":2,"minecraft:stone":33,"minecraft:oak_leaves":6},"minecraft:picked_up":{"minecolonies:supplychestdeployer":1,"minecraft:stick":3,"minecraft:porkchop":4,"minecraft:spruce_sapling":1,"minecraft:spruce_log":7,"minecraft:string":1,"minecraft:bone":4,"minecraft:arrow":3,"minecraft:rotten_flesh":1,"minecraft:oak_sapling":1,"minecraft:coal":3,"minecraft:cobblestone":33}},"DataVersion":3465}