{"stats":{"minecraft:custom":{"minecraft:open_barrel":12,"minecraft:time_since_rest":17448,"minecraft:crouch_one_cm":372,"minecraft:interact_with_furnace":1,"minecraft:play_time":17448,"minecraft:sprint_one_cm":31245,"minecraft:walk_one_cm":31442,"minecraft:damage_taken":180,"minecraft:sneak_time":135,"minecraft:walk_under_water_one_cm":2843,"minecraft:mob_kills":2,"minecraft:jump":273,"minecraft:damage_dealt":222,"minecraft:time_since_death":17448,"minecraft:walk_on_water_one_cm":3699,"minecraft:climb_one_cm":3684,"minecraft:total_world_time":17448,"minecraft:interact_with_crafting_table":1,"minecraft:swim_one_cm":4089,"minecraft:fall_one_cm":12694,"minecraft:fly_one_cm":63815},"minecraft:used":{"minecraft:stone_axe":12,"minecraft:oak_sapling":1,"minecraft:cooked_beef":3,"structurize:sceptergold":1,"minecolonies:supplychestdeployer":1},"minecraft:killed":{"minecraft:pig":2},"minecraft:mined":{"biomesoplenty:high_grass":5,"minecraft:rose_bush":1,"biomesoplenty:high_grass_plant":10,"minecraft:tall_grass":4,"minecraft:spruce_leaves":2,"minecraft:spruce_log":7,"minecraft:oak_leaves":6},"minecraft:picked_up":{"minecraft:stick":3,"minecolonies:supplychestdeployer":1,"minecraft:porkchop":4,"minecraft:spruce_sapling":1,"minecraft:spruce_log":7,"minecraft:oak_sapling":1}},"DataVersion":3465}