{"stats":{"minecraft:custom":{"minecraft:interact_with_furnace":5,"minecraft:mob_kills":23,"minecraft:interact_with_crafting_table":6,"minecraft:open_barrel":12,"minecraft:time_since_death":16061,"minecraft:climb_one_cm":3776,"minecraft:time_since_rest":16092,"minecraft:sprint_one_cm":166776,"minecraft:damage_taken":2500,"minecraft:walk_one_cm":127385,"minecraft:drop":1,"minecraft:damage_dealt":3352,"minecraft:swim_one_cm":29931,"minecraft:fly_one_cm":180664,"minecraft:open_chest":4,"minecraft:crouch_one_cm":10630,"minecraft:play_time":59448,"minecraft:deaths":3,"minecraft:sneak_time":4161,"minecraft:walk_under_water_one_cm":9694,"minecraft:jump":1136,"minecraft:walk_on_water_one_cm":15249,"minecraft:total_world_time":59448,"minecraft:fall_one_cm":46357},"minecraft:killed_by":{"minecraft:cave_spider":1},"minecraft:used":{"minecraft:diorite":3,"minecraft:stone_pickaxe":83,"minecraft:oak_planks":54,"minecraft:chest":3,"minecraft:cooked_chicken":7,"minecraft:torch":3,"minecraft:dirt":3,"minecraft:crafting_table":3,"minecraft:tuff":4,"minecraft:granite":13,"minecolonies:supplychestdeployer":1,"minecraft:iron_pickaxe":133,"minecraft:stone_axe":70,"minecraft:wooden_sword":53,"minecraft:cobblestone":71,"minecraft:oak_sapling":1,"minecraft:furnace":1,"minecraft:cooked_beef":15,"minecraft:potato":14,"minecraft:cobbled_deepslate":17,"structurize:sceptergold":7},"minecraft:crafted":{"minecraft:wooden_sword":1,"minecraft:crafting_table":3,"minecraft:spruce_planks":28,"minecraft:furnace":1,"minecraft:air":0,"minecraft:iron_ingot":4,"minecraft:iron_pickaxe":1,"minecraft:chest":3},"minecraft:killed":{"minecraft:cave_spider":10,"minecraft:pig":2,"minecraft:spider":1,"minecraft:creeper":1,"minecraft:skeleton":3,"minecraft:zombie":6},"minecraft:dropped":{"minecraft:oak_planks":3},"minecraft:mined":{"create:deepslate_zinc_ore":2,"minecraft:tuff":4,"minecolonies:blockminecoloniesgrave":4,"minecraft:deepslate_diamond_ore":4,"createloveandwar:sulphur_ore":1,"minecraft:granite":13,"gravestone:gravestone":2,"minecraft:rose_bush":1,"biomesoplenty:high_grass_plant":10,"minecraft:tall_grass":4,"minecraft:spruce_leaves":2,"minecraft:oak_planks":3,"minecraft:diorite":4,"minecraft:wall_torch":2,"minecraft:spawner":3,"minecraft:iron_ore":23,"minecraft:spruce_log":7,"minecraft:deepslate_lapis_ore":2,"biomesoplenty:webbing":1,"minecraft:coal_ore":5,"biomesoplenty:high_grass":5,"minecraft:deepslate_iron_ore":4,"minecraft:rail":2,"minecraft:sunflower":1,"minecraft:dirt":3,"minecraft:cobweb":7,"minecraft:stone":77,"biomesoplenty:spider_egg":2,"minecraft:oak_leaves":6,"minecraft:deepslate":59},"minecraft:picked_up":{"minecraft:tuff":4,"create:raw_zinc":2,"minecraft:gunpowder":3,"minecraft:lapis_lazuli":15,"minecraft:dirt":3,"minecraft:string":16,"minecraft:bone":4,"minecraft:cobbled_deepslate":59,"minecraft:oak_planks":3,"minecraft:stick":3,"minecolonies:supplychestdeployer":1,"minecraft:raw_iron":27,"minecraft:torch":2,"createloveandwar:raw_sulphur":3,"minecraft:porkchop":4,"minecraft:spruce_sapling":1,"minecraft:diorite":3,"minecraft:spruce_log":7,"minecraft:spider_eye":5,"minecraft:rotten_flesh":6,"minecraft:arrow":3,"minecraft:diamond":4,"minecraft:granite":13,"minecraft:oak_sapling":1,"minecraft:coal":4,"minecraft:rail":2,"minecraft:cobblestone":71},"minecraft:broken":{"minecraft:wooden_sword":1}},"DataVersion":3465}