{"stats":{"minecraft:custom":{"minecraft:interact_with_furnace":5,"minecraft:mob_kills":20,"minecraft:interact_with_crafting_table":15,"minecraft:open_barrel":9,"minecraft:bell_ring":1,"minecraft:leave_game":5,"minecraft:time_since_death":8569,"minecraft:sleep_in_bed":2,"minecraft:climb_one_cm":2861,"minecraft:time_since_rest":8602,"minecraft:sprint_one_cm":294940,"minecraft:damage_taken":2060,"minecraft:walk_one_cm":119711,"minecraft:drop":27,"minecraft:damage_dealt":3724,"minecraft:swim_one_cm":37606,"minecraft:talked_to_villager":1,"minecraft:fly_one_cm":611048,"minecraft:open_chest":8,"minecraft:crouch_one_cm":522,"minecraft:play_time":90137,"minecraft:deaths":1,"minecraft:sneak_time":436,"minecraft:walk_under_water_one_cm":7922,"minecraft:boat_one_cm":420705,"minecraft:jump":1981,"minecraft:walk_on_water_one_cm":16191,"minecraft:total_world_time":90137,"minecraft:fall_one_cm":57882},"minecraft:killed_by":{"minecraft:creeper":1},"minecraft:used":{"minecraft:oak_planks":11,"minecraft:wooden_pickaxe":1,"minecraft:birch_boat":5,"minecraft:crafting_table":3,"minecraft:jungle_planks":12,"minecolonies:supplychestdeployer":1,"minecraft:wooden_axe":39,"minecraft:dark_oak_planks":24,"minecraft:wooden_hoe":33,"minecraft:bread":25,"minecraft:golden_sword":84,"minecraft:cooked_beef":11,"structurize:sceptergold":3,"minecraft:golden_axe":6},"minecraft:crafted":{"minecraft:cooked_beef":11,"minecraft:oak_planks":16,"minecraft:dark_oak_boat":4,"minecraft:crafting_table":3,"minecraft:spruce_planks":20,"minecraft:birch_boat":6,"minecraft:birch_planks":52,"minecraft:bread":9,"minecraft:air":0,"minecraft:jungle_planks":12,"minecraft:spruce_boat":1,"minecraft:acacia_planks":12,"minecraft:dark_oak_planks":44,"minecolonies:supplychestdeployer":2,"minecraft:wheat":27},"minecraft:killed":{"minecraft:spider":2,"minecraft:creeper":2,"minecraft:skeleton":1,"minecraft:pillager":1,"minecraft:zombie":10,"minecraft:drowned":1,"minecraft:cow":1},"minecraft:dropped":{"minecolonies:supplychestdeployer":1,"minecraft:kelp":2,"minecraft:porkchop":16,"minecraft:wheat_seeds":1,"biomesoplenty:pink_daffodil":2,"minecraft:rotten_flesh":5,"minecolonies:blockhuttownhall":1,"minecraft:melon_slice":19,"biomesoplenty:wildflower":3,"minecraft:ladder":3,"minecraft:wooden_shovel":1,"minecraft:stripped_warped_stem":2,"minecraft:beef":1,"minecraft:string":2},"minecraft:mined":{"minecolonies:blockminecoloniesgrave":2,"minecraft:dark_oak_log":5,"gravestone:gravestone":1,"minecraft:dark_oak_fence":2,"minecraft:acacia_log":3,"minecraft:melon":4,"minecraft:jungle_log":3,"biomesoplenty:high_grass_plant":28,"minecraft:tall_grass":4,"minecraft:hay_block":27,"minecraft:birch_log":13,"biomesoplenty:pink_daffodil":2,"minecraft:spruce_log":5,"minecraft:birch_leaves":1,"minecraft:grass":27,"biomesoplenty:clover":5,"minecraft:oak_log":4,"biomesoplenty:high_grass":37,"minecraft:stone":1},"minecraft:picked_up":{"minecraft:birch_log":13,"minecolonies:blockhuttownhall":1,"minecraft:feather":2,"minecraft:chicken":1,"minecraft:creeper_head":1,"minecraft:ladder":3,"minecraft:jungle_log":3,"minecraft:oak_log":4,"minecraft:gunpowder":6,"minecraft:dirt":3,"minecraft:string":4,"minecraft:bone":3,"minecraft:kelp":2,"minecraft:wheat_seeds":2,"minecraft:stripped_warped_stem":2,"minecraft:beef":1,"biomesoplenty:wildflower":3,"minecraft:melon_slice":19,"minecraft:egg":1,"minecraft:birch_boat":5,"minecraft:acacia_log":3,"createloveandwar:raw_sulphur":4,"minecraft:spruce_log":5,"minecraft:spider_eye":1,"minecraft:dark_oak_log":5,"minecraft:arrow":1,"minecraft:rotten_flesh":12,"minecraft:hay_block":25,"minecraft:crossbow":1,"biomesoplenty:pink_daffodil":2,"minecraft:cobblestone":1}},"DataVersion":3465}