{"stats":{"minecraft:custom":{"minecraft:interact_with_furnace":7,"minecraft:mob_kills":34,"minecraft:interact_with_crafting_table":27,"minecraft:open_barrel":9,"minecraft:bell_ring":1,"minecraft:leave_game":10,"minecraft:time_since_death":35434,"minecraft:sleep_in_bed":2,"minecraft:climb_one_cm":2861,"minecraft:time_since_rest":35467,"minecraft:sprint_one_cm":372756,"minecraft:damage_taken":3215,"minecraft:walk_one_cm":178493,"minecraft:drop":55,"minecraft:damage_dealt":6154,"minecraft:swim_one_cm":74070,"minecraft:fly_one_cm":716088,"minecraft:talked_to_villager":1,"minecraft:play_time":117002,"minecraft:crouch_one_cm":706,"minecraft:open_chest":14,"minecraft:sneak_time":528,"minecraft:deaths":1,"minecraft:walk_under_water_one_cm":9052,"minecraft:boat_one_cm":420705,"minecraft:jump":2480,"minecraft:walk_on_water_one_cm":22043,"minecraft:total_world_time":117002,"minecraft:fall_one_cm":66862},"minecraft:killed_by":{"minecraft:creeper":1},"minecraft:used":{"minecraft:oak_planks":11,"minecraft:wooden_pickaxe":59,"minecraft:chest":2,"minecraft:birch_boat":5,"minecraft:torch":1,"minecraft:dirt":2,"minecraft:crafting_table":5,"minecraft:jungle_planks":12,"minecolonies:supplychestdeployer":1,"minecraft:wooden_axe":39,"minecraft:dark_oak_planks":24,"minecraft:wooden_hoe":33,"minecraft:bread":47,"minecraft:iron_pickaxe":77,"minecraft:cobblestone":10,"minecraft:golden_sword":158,"minecraft:furnace":2,"structurize:sceptergold":4,"minecraft:cooked_beef":11,"minecraft:golden_axe":24},"minecraft:crafted":{"minecraft:cooked_beef":11,"minecraft:oak_planks":80,"minecraft:dark_oak_boat":4,"minecraft:crafting_table":4,"minecraft:spruce_planks":20,"minecraft:wooden_pickaxe":1,"minecraft:birch_boat":6,"minecraft:furnace":2,"minecolonies:blockhutbuilder":1,"minecraft:birch_planks":52,"minecraft:bread":75,"minecraft:air":0,"minecraft:jungle_planks":12,"minecraft:stick":8,"minecraft:iron_pickaxe":1,"minecraft:chest":2,"structurize:sceptergold":1,"minecraft:spruce_boat":1,"minecraft:birch_door":3,"minecraft:torch":4,"minecraft:acacia_planks":12,"minecraft:dark_oak_planks":44,"minecolonies:supplychestdeployer":2,"minecraft:wheat":225},"minecraft:killed":{"minecraft:spider":6,"minecraft:creeper":2,"minecraft:sheep":1,"minecraft:skeleton":5,"minecraft:pillager":1,"minecraft:zombie":11,"minecraft:drowned":2,"minecraft:cow":1},"minecraft:dropped":{"minecolonies:supplychestdeployer":1,"minecraft:kelp":2,"minecraft:porkchop":16,"minecraft:wheat_seeds":6,"biomesoplenty:pink_daffodil":2,"minecraft:cobbled_deepslate":2,"minecraft:tuff":2,"minecraft:crossbow":1,"minecraft:chicken":1,"minecraft:feather":2,"minecraft:cobblestone":1,"minecraft:rotten_flesh":14,"minecraft:oak_planks":1,"minecraft:stick":1,"minecraft:dirt":3,"minecolonies:blockhuttownhall":1,"minecraft:andesite":1,"biomesoplenty:wildflower":3,"minecraft:melon_slice":19,"minecraft:ladder":3,"minecraft:wooden_shovel":1,"gravestone:obituary":1,"minecraft:spider_eye":2,"minecraft:stripped_warped_stem":2,"minecraft:sunflower":1,"minecraft:arrow":1,"minecraft:beef":1,"minecraft:wooden_pickaxe":2,"minecraft:nautilus_shell":1,"minecraft:string":4,"createloveandwar:raw_sulphur":5,"minecraft:egg":1},"minecraft:mined":{"minecraft:diamond_ore":4,"minecraft:tuff":2,"minecolonies:blockminecoloniesgrave":3,"minecraft:dark_oak_log":5,"minecraft:crafting_table":1,"minecraft:dark_oak_fence":2,"gravestone:gravestone":1,"minecraft:acacia_log":3,"minecraft:grass_block":1,"minecraft:melon":4,"minecraft:jungle_log":3,"biomesoplenty:high_grass_plant":28,"minecraft:tall_grass":4,"minecraft:wall_torch":1,"minecraft:hay_block":27,"minecolonies:blockconstructiontape":1,"minecraft:birch_log":13,"minecraft:iron_ore":7,"biomesoplenty:pink_daffodil":2,"minecraft:spruce_log":5,"minecraft:andesite":1,"minecraft:birch_leaves":1,"minecraft:coal_ore":24,"minecraft:deepslate_iron_ore":20,"minecraft:grass":55,"biomesoplenty:clover":5,"minecraft:oak_log":20,"biomesoplenty:high_grass":37,"minecraft:sunflower":1,"minecraft:dirt":1,"minecraft:deepslate":3,"minecraft:stone":72,"minecraft:oak_leaves":1},"minecraft:picked_up":{"minecraft:birch_log":13,"minecraft:crafting_table":1,"minecolonies:blockhuttownhall":1,"minecraft:feather":2,"minecraft:creeper_head":1,"minecraft:chicken":1,"minecraft:ladder":3,"minecraft:andesite":1,"minecraft:jungle_log":3,"minecraft:tuff":2,"minecraft:oak_log":20,"minecraft:gunpowder":8,"minecraft:dirt":5,"minecraft:string":4,"minecraft:bone":4,"minecraft:kelp":2,"minecraft:wheat_seeds":6,"minecraft:cobbled_deepslate":2,"minecraft:stripped_warped_stem":2,"minecraft:music_disc_far":1,"minecraft:beef":1,"minecraft:melon_slice":19,"biomesoplenty:wildflower":3,"minecraft:egg":1,"minecraft:stick":1,"minecraft:raw_iron":27,"minecraft:birch_boat":5,"minecraft:torch":1,"minecraft:acacia_log":3,"createloveandwar:raw_sulphur":5,"minecraft:spruce_log":5,"minecraft:dark_oak_log":5,"minecraft:spider_eye":2,"minecraft:arrow":1,"minecraft:rotten_flesh":14,"minecraft:diamond":4,"minecraft:hay_block":25,"minecraft:crossbow":1,"minecraft:coal":24,"biomesoplenty:pink_daffodil":2,"minecraft:mutton":2,"minecraft:sunflower":1,"minecraft:white_wool":1,"minecraft:cobblestone":70,"minecraft:nautilus_shell":1}},"DataVersion":3465}