{"stats":{"minecraft:custom":{"minecraft:interact_with_furnace":6,"minecraft:mob_kills":28,"minecraft:interact_with_crafting_table":24,"minecraft:open_barrel":9,"minecraft:bell_ring":1,"minecraft:leave_game":9,"minecraft:time_since_death":24230,"minecraft:sleep_in_bed":2,"minecraft:climb_one_cm":2861,"minecraft:time_since_rest":24263,"minecraft:sprint_one_cm":336019,"minecraft:damage_taken":2425,"minecraft:walk_one_cm":151112,"minecraft:drop":50,"minecraft:damage_dealt":4812,"minecraft:swim_one_cm":59090,"minecraft:fly_one_cm":670029,"minecraft:talked_to_villager":1,"minecraft:open_chest":14,"minecraft:play_time":105798,"minecraft:crouch_one_cm":526,"minecraft:sneak_time":483,"minecraft:deaths":1,"minecraft:walk_under_water_one_cm":8679,"minecraft:boat_one_cm":420705,"minecraft:jump":2223,"minecraft:walk_on_water_one_cm":19647,"minecraft:total_world_time":105798,"minecraft:fall_one_cm":60239},"minecraft:killed_by":{"minecraft:creeper":1},"minecraft:used":{"minecraft:oak_planks":11,"minecraft:chest":2,"minecraft:wooden_pickaxe":59,"minecraft:birch_boat":5,"minecraft:dirt":2,"minecraft:crafting_table":3,"minecraft:jungle_planks":12,"minecolonies:supplychestdeployer":1,"minecraft:wooden_axe":39,"minecraft:dark_oak_planks":24,"minecraft:wooden_hoe":33,"minecraft:bread":33,"minecraft:golden_sword":120,"minecraft:furnace":1,"minecraft:cooked_beef":11,"structurize:sceptergold":4,"minecraft:golden_axe":14},"minecraft:crafted":{"minecraft:cooked_beef":11,"minecraft:oak_planks":16,"minecraft:dark_oak_boat":4,"minecraft:crafting_table":3,"minecraft:spruce_planks":20,"minecraft:wooden_pickaxe":1,"minecraft:birch_boat":6,"minecraft:furnace":1,"minecolonies:blockhutbuilder":1,"minecraft:birch_planks":52,"minecraft:bread":75,"minecraft:air":0,"minecraft:jungle_planks":12,"minecraft:stick":4,"minecraft:chest":2,"structurize:sceptergold":1,"minecraft:spruce_boat":1,"minecraft:birch_door":3,"minecraft:acacia_planks":12,"minecraft:dark_oak_planks":44,"minecolonies:supplychestdeployer":2,"minecraft:wheat":225},"minecraft:killed":{"minecraft:spider":5,"minecraft:creeper":2,"minecraft:sheep":1,"minecraft:skeleton":3,"minecraft:pillager":1,"minecraft:zombie":11,"minecraft:drowned":2,"minecraft:cow":1},"minecraft:dropped":{"minecolonies:supplychestdeployer":1,"minecraft:kelp":2,"minecraft:porkchop":16,"minecraft:wheat_seeds":6,"biomesoplenty:pink_daffodil":2,"minecraft:crossbow":1,"minecraft:feather":2,"minecraft:chicken":1,"minecraft:cobblestone":1,"minecraft:rotten_flesh":14,"minecraft:oak_planks":1,"minecraft:dirt":3,"minecolonies:blockhuttownhall":1,"biomesoplenty:wildflower":3,"minecraft:melon_slice":19,"minecraft:ladder":3,"minecraft:wooden_shovel":1,"gravestone:obituary":1,"minecraft:spider_eye":2,"minecraft:sunflower":1,"minecraft:stripped_warped_stem":2,"minecraft:arrow":1,"minecraft:wooden_pickaxe":2,"minecraft:beef":1,"minecraft:nautilus_shell":1,"minecraft:string":4,"createloveandwar:raw_sulphur":4,"minecraft:egg":1},"minecraft:mined":{"minecolonies:blockminecoloniesgrave":3,"minecraft:dark_oak_log":5,"gravestone:gravestone":1,"minecraft:dark_oak_fence":2,"minecraft:acacia_log":3,"minecraft:grass_block":1,"minecraft:melon":4,"minecraft:jungle_log":3,"biomesoplenty:high_grass_plant":28,"minecraft:tall_grass":4,"minecraft:hay_block":27,"minecolonies:blockconstructiontape":1,"minecraft:birch_log":13,"biomesoplenty:pink_daffodil":2,"minecraft:spruce_log":5,"minecraft:birch_leaves":1,"minecraft:grass":53,"biomesoplenty:clover":5,"minecraft:oak_log":11,"biomesoplenty:high_grass":37,"minecraft:sunflower":1,"minecraft:dirt":1,"minecraft:stone":57,"minecraft:oak_leaves":1},"minecraft:picked_up":{"minecraft:birch_log":13,"minecolonies:blockhuttownhall":1,"minecraft:feather":2,"minecraft:creeper_head":1,"minecraft:chicken":1,"minecraft:ladder":3,"minecraft:jungle_log":3,"minecraft:oak_log":10,"minecraft:gunpowder":6,"minecraft:dirt":5,"minecraft:string":4,"minecraft:bone":4,"minecraft:kelp":2,"minecraft:wheat_seeds":6,"minecraft:stripped_warped_stem":2,"minecraft:beef":1,"minecraft:melon_slice":19,"biomesoplenty:wildflower":3,"minecraft:egg":1,"minecraft:birch_boat":5,"minecraft:acacia_log":3,"createloveandwar:raw_sulphur":4,"minecraft:spruce_log":5,"minecraft:dark_oak_log":5,"minecraft:spider_eye":2,"minecraft:arrow":1,"minecraft:rotten_flesh":14,"minecraft:hay_block":25,"minecraft:crossbow":1,"biomesoplenty:pink_daffodil":2,"minecraft:mutton":2,"minecraft:sunflower":1,"minecraft:white_wool":1,"minecraft:cobblestone":57,"minecraft:nautilus_shell":1}},"DataVersion":3465}