{"stats":{"minecraft:custom":{"minecraft:mob_kills":42,"minecraft:interact_with_crafting_table":31,"minecraft:open_barrel":9,"minecraft:bell_ring":1,"minecraft:leave_game":11,"minecraft:time_since_death":45099,"minecraft:climb_one_cm":2861,"minecraft:sprint_one_cm":408203,"minecraft:walk_one_cm":203791,"minecraft:drop":64,"minecraft:talked_to_villager":1,"minecraft:play_time":126667,"minecraft:deaths":1,"minecraft:sneak_time":603,"minecraft:walk_under_water_one_cm":9129,"minecraft:boat_one_cm":420705,"minecraft:jump":2702,"minecraft:walk_on_water_one_cm":23249,"minecraft:total_world_time":126667,"minecraft:interact_with_furnace":13,"minecraft:sleep_in_bed":2,"minecraft:time_since_rest":45132,"minecraft:damage_taken":3562,"minecraft:damage_dealt":7865,"minecraft:swim_one_cm":74070,"minecraft:fly_one_cm":750932,"minecraft:open_chest":14,"minecraft:crouch_one_cm":716,"minecraft:fall_one_cm":74074},"minecraft:killed_by":{"minecraft:creeper":1},"minecraft:used":{"minecraft:chest":2,"minecraft:iron_sword":23,"minecraft:torch":2,"minecraft:dirt":2,"minecraft:jungle_planks":12,"minecraft:dark_oak_planks":24,"minecraft:wooden_axe":39,"minecraft:golden_sword":174,"minecraft:furnace":2,"minecraft:cooked_beef":11,"minecraft:golden_axe":25,"minecraft:oak_planks":11,"minecraft:birch_boat":5,"minecraft:wooden_pickaxe":59,"minecraft:crafting_table":5,"minecolonies:supplychestdeployer":1,"minecraft:wooden_hoe":33,"minecraft:bread":55,"minecraft:iron_pickaxe":191,"minecraft:cobblestone":10,"structurize:sceptergold":4},"minecraft:crafted":{"minecraft:oak_planks":80,"minecraft:dark_oak_boat":4,"minecraft:birch_boat":6,"minecraft:furnace":2,"minecolonies:blockhutbuilder":1,"minecraft:iron_boots":1,"minecraft:chest":2,"structurize:sceptergold":1,"minecraft:spruce_boat":1,"minecraft:birch_door":3,"minecraft:dark_oak_planks":44,"minecolonies:supplychestdeployer":2,"minecraft:wheat":225,"minecraft:cooked_beef":11,"minecraft:crafting_table":4,"minecraft:spruce_planks":20,"minecraft:wooden_pickaxe":1,"minecraft:iron_helmet":1,"minecraft:iron_sword":1,"minecraft:birch_planks":52,"minecraft:bread":75,"minecraft:air":0,"minecraft:jungle_planks":12,"minecraft:iron_chestplate":1,"minecraft:diamond_pickaxe":1,"minecraft:stick":12,"minecraft:iron_ingot":30,"minecraft:iron_pickaxe":1,"minecraft:iron_leggings":1,"minecraft:acacia_planks":12,"minecraft:torch":4},"minecraft:killed":{"minecraft:witch":1,"minecraft:spider":6,"minecraft:skeleton":10,"minecraft:drowned":2,"minecraft:creeper":2,"minecraft:sheep":1,"minecraft:pillager":1,"minecraft:zombie":13,"minecraft:cow":1},"minecraft:dropped":{"minecolonies:supplychestdeployer":1,"minecraft:porkchop":16,"minecraft:wheat_seeds":6,"biomesoplenty:pink_daffodil":2,"minecraft:crossbow":1,"minecraft:feather":2,"minecraft:cobblestone":1,"minecraft:granite":1,"minecraft:stick":1,"minecraft:dirt":3,"minecraft:torch":1,"minecraft:melon_slice":19,"gravestone:obituary":1,"minecraft:sunflower":1,"minecraft:string":4,"minecraft:kelp":2,"minecraft:cobbled_deepslate":4,"minecraft:tuff":2,"minecraft:chicken":1,"minecraft:rotten_flesh":14,"minecraft:oak_planks":1,"minecolonies:blockhuttownhall":1,"minecraft:gunpowder":2,"minecraft:andesite":2,"biomesoplenty:wildflower":3,"minecraft:wooden_shovel":1,"minecraft:ladder":3,"minecraft:golden_sword":2,"minecraft:spider_eye":2,"minecraft:stripped_warped_stem":2,"minecraft:arrow":2,"minecraft:wooden_pickaxe":2,"minecraft:beef":1,"minecraft:nautilus_shell":1,"minecraft:egg":1,"createloveandwar:raw_sulphur":6},"minecraft:mined":{"minecraft:diamond_ore":5,"minecraft:tuff":2,"minecraft:dark_oak_log":5,"minecraft:granite":1,"gravestone:gravestone":1,"minecraft:dark_oak_fence":2,"minecraft:acacia_log":3,"minecraft:grass_block":1,"minecraft:jungle_log":3,"minecraft:hay_block":27,"minecraft:furnace":1,"minecolonies:blockconstructiontape":1,"minecraft:iron_ore":45,"minecraft:andesite":1,"biomesoplenty:high_grass":37,"minecraft:deepslate_iron_ore":20,"minecraft:stone":116,"minecolonies:blockminecoloniesgrave":3,"minecraft:crafting_table":2,"minecraft:torch":1,"minecraft:melon":4,"biomesoplenty:high_grass_plant":28,"minecraft:tall_grass":4,"minecraft:wall_torch":1,"minecraft:birch_log":13,"biomesoplenty:pink_daffodil":2,"minecraft:spruce_log":5,"minecraft:birch_leaves":1,"minecraft:grass":55,"biomesoplenty:clover":5,"minecraft:oak_log":20,"minecraft:coal_ore":52,"minecraft:sunflower":1,"minecraft:dirt":1,"minecraft:oak_leaves":1,"minecraft:deepslate":3},"minecraft:picked_up":{"minecraft:crafting_table":2,"minecolonies:blockhuttownhall":1,"minecraft:creeper_head":1,"minecraft:chicken":1,"minecraft:ladder":3,"minecraft:golden_sword":1,"minecraft:string":6,"minecraft:cobbled_deepslate":4,"minecraft:stripped_warped_stem":2,"minecraft:beef":1,"biomesoplenty:wildflower":3,"minecraft:melon_slice":19,"minecraft:furnace":1,"minecraft:egg":1,"minecraft:stick":1,"minecraft:raw_iron":80,"minecraft:torch":2,"minecraft:acacia_log":3,"createloveandwar:raw_sulphur":6,"minecraft:rotten_flesh":14,"minecraft:arrow":3,"minecraft:hay_block":25,"minecraft:mutton":2,"minecraft:cobblestone":112,"minecraft:white_wool":1,"minecraft:nautilus_shell":1,"minecraft:birch_log":13,"minecraft:feather":2,"minecraft:andesite":2,"minecraft:jungle_log":3,"minecraft:tuff":2,"minecraft:oak_log":20,"minecraft:gunpowder":8,"minecraft:dirt":5,"minecraft:bone":10,"minecraft:kelp":2,"minecraft:bow":1,"minecraft:wheat_seeds":6,"minecraft:music_disc_far":1,"minecraft:birch_boat":5,"minecraft:spruce_log":5,"minecraft:dark_oak_log":5,"minecraft:spider_eye":2,"minecraft:diamond":5,"minecraft:granite":1,"minecraft:crossbow":1,"biomesoplenty:pink_daffodil":2,"minecraft:coal":99,"minecraft:sunflower":1}},"DataVersion":3465}