{"stats":{"minecraft:picked_up":{"biomesoplenty:pink_daffodil":1,"minecraft:wheat_seeds":8},"minecraft:mined":{"minecraft:tall_grass":3,"minecraft:grass":56,"biomesoplenty:pink_daffodil":1,"biomesoplenty:high_grass":48,"biomesoplenty:high_grass_plant":76},"minecraft:custom":{"minecraft:jump":76,"minecraft:time_since_rest":2287,"minecraft:crouch_one_cm":59,"minecraft:walk_on_water_one_cm":658,"minecraft:sprint_one_cm":17596,"minecraft:play_time":2287,"minecraft:time_since_death":2287,"minecraft:walk_one_cm":2487,"minecraft:sneak_time":20,"minecraft:total_world_time":2287,"minecraft:walk_under_water_one_cm":380,"minecraft:swim_one_cm":3579,"minecraft:fall_one_cm":2508,"minecraft:fly_one_cm":17900}},"DataVersion":3465}