{"stats":{"minecraft:custom":{"minecraft:mob_kills":29,"minecraft:interact_with_crafting_table":25,"minecraft:open_barrel":9,"minecraft:interact_with_campfire":4,"minecraft:bell_ring":1,"minecraft:leave_game":6,"minecraft:time_since_death":27738,"minecraft:climb_one_cm":5910,"minecraft:sprint_one_cm":487134,"minecraft:walk_one_cm":366414,"minecraft:damage_blocked_by_shield":1375,"minecraft:drop":13,"minecraft:play_time":205892,"minecraft:deaths":2,"minecraft:sneak_time":1440,"minecraft:walk_under_water_one_cm":39444,"minecraft:jump":3523,"minecraft:walk_on_water_one_cm":55363,"minecraft:total_world_time":205892,"minecraft:interact_with_furnace":42,"minecraft:interact_with_stonecutter":1,"minecraft:sleep_in_bed":6,"minecraft:time_since_rest":12223,"minecraft:damage_taken":3683,"minecraft:damage_dealt":4745,"minecraft:swim_one_cm":47447,"minecraft:fly_one_cm":661350,"minecraft:open_chest":18,"minecraft:crouch_one_cm":3184,"minecraft:fall_one_cm":129469},"minecraft:killed_by":{"minecraft:skeleton":1},"minecraft:used":{"minecraft:chest":2,"minecraft:shield":65,"minecraft:cooked_chicken":5,"minecraft:rotten_flesh":4,"minecraft:torch":20,"minecraft:mutton":6,"create:cogwheel":13,"minecraft:tuff":3,"minecraft:wooden_axe":133,"minecraft:iron_axe":237,"create:shaft":4,"minecraft:sweet_berries":9,"minecraft:furnace":2,"minecraft:cooked_beef":13,"minecraft:pumpkin":1,"minecraft:cooked_mutton":24,"minecraft:water_bucket":14,"minecraft:stone_pickaxe":106,"minecraft:wooden_pickaxe":24,"biomesoplenty:fir_planks":45,"minecraft:crafting_table":10,"minecraft:white_bed":2,"create_hc:shaft":6,"minecolonies:supplychestdeployer":1,"minecraft:oak_log":18,"minecraft:melon_slice":5,"minecraft:iron_pickaxe":355,"minecraft:warped_slab":2,"create:water_wheel":4,"extendedgears:shaftless_cogwheel":1,"biomesoplenty:stripped_fir_log":2,"minecraft:cobblestone":25,"minecraft:cooked_porkchop":4,"minecraft:bucket":15,"biomesoplenty:fir_log":7,"create:large_cogwheel":3,"structurize:sceptergold":7},"minecraft:crafted":{"minecraft:oak_door":3,"minecraft:oak_planks":68,"minecraft:iron_nugget":54,"minecraft:cooked_chicken":7,"minecraft:furnace":1,"minecolonies:blockhutbuilder":1,"extendedgears:large_shaftless_cogwheel":2,"minecraft:cooked_mutton":31,"minecraft:warped_planks":28,"minecraft:iron_axe":2,"minecraft:stone_pickaxe":1,"minecraft:chest":2,"extendedgears:shaftless_cogwheel":3,"minecraft:spruce_boat":1,"create:cogwheel":2,"minecolonies:supplychestdeployer":1,"minecraft:cooked_beef":37,"create:andesite_alloy":27,"minecraft:cooked_porkchop":32,"minecraft:crafting_table":9,"minecraft:spruce_planks":36,"minecraft:wooden_pickaxe":1,"minecraft:bucket":1,"minecraft:birch_planks":44,"minecraft:pumpkin_seeds":40,"minecraft:air":0,"biomesoplenty:fir_planks":308,"minecraft:oak_boat":4,"create:water_wheel":1,"minecraft:charcoal":8,"minecraft:shield":1,"minecraft:stick":32,"minecraft:iron_ingot":26,"minecraft:iron_pickaxe":3,"minecraft:wooden_axe":3,"create:large_cogwheel":2,"biomesoplenty:fir_button":8,"minecraft:torch":28},"minecraft:killed":{"minecraft:spider":3,"minecraft:skeleton":8,"minecraft:drowned":1,"minecraft:sheep":1,"minecraft:zombie":15},"minecraft:dropped":{"minecolonies:supplychestdeployer":2,"minecraft:cobblestone":3,"minecraft:warped_stairs":1,"minecraft:wooden_axe":1,"gravestone:obituary":2,"minecraft:sand":6,"minecraft:oak_door":2,"minecraft:rotten_flesh":5,"minecolonies:blockhuttownhall":1,"minecraft:ladder":2},"minecraft:mined":{"create:zinc_ore":4,"createloveandwar:deepslate_sulphur_ore":8,"minecraft:stripped_warped_stem":11,"minecraft:tuff":17,"minecraft:white_bed":2,"minecraft:deepslate_diamond_ore":6,"create:andesite_casing":8,"create_hc:shaft":8,"minecraft:warped_stairs":1,"minecraft:granite":1,"gravestone:gravestone":1,"create:large_cogwheel":1,"minecraft:grass_block":7,"minecraft:large_fern":1,"biomesoplenty:stripped_fir_log":4,"create:shaft":13,"minecraft:furnace":1,"extendedgears:shaftless_cogwheel":1,"biomesoplenty:toadstool":5,"minecolonies:blockconstructiontape":1,"minecraft:iron_ore":30,"minecraft:acacia_stairs":1,"minecraft:andesite":99,"minecraft:pumpkin":15,"minecraft:deepslate_lapis_ore":2,"minecraft:bookshelf":1,"biomesoplenty:high_grass":82,"minecraft:deepslate_iron_ore":22,"minecraft:stone":132,"minecraft:deepslate_redstone_ore":4,"create:cogwheel":5,"minecraft:brown_mushroom":6,"minecolonies:blockminecoloniesgrave":1,"create:piston_extension_pole":1,"minecraft:crafting_table":2,"minecraft:torch":4,"createloveandwar:sulphur_ore":1,"biomesoplenty:fir_planks":21,"minecraft:melon":1,"create:water_wheel":3,"biomesoplenty:high_grass_plant":122,"minecraft:tall_grass":15,"minecraft:dried_kelp_block":1,"biomesoplenty:huge_clover_petal":2,"minecraft:lapis_ore":1,"minecraft:deepslate_gold_ore":11,"minecraft:oak_planks":1,"minecraft:diorite":8,"minecraft:wall_torch":3,"minecraft:warped_planks":7,"minecraft:birch_log":11,"minecraft:sweet_berry_bush":5,"biomesoplenty:pink_daffodil":1,"minecraft:spruce_log":9,"biomesoplenty:fir_log":93,"minecraft:grass":98,"biomesoplenty:clover":4,"minecraft:oak_log":35,"minecraft:coal_ore":8,"biomesoplenty:fir_leaves":27,"minecraft:gravel":2,"minecraft:sand":4,"minecraft:dirt":5,"minecraft:oak_leaves":6,"minecraft:deepslate":86,"minecraft:fern":3,"minecraft:warped_slab":2},"minecraft:picked_up":{"minecraft:wooden_axe":1,"minecraft:charcoal":24,"minecraft:crafting_table":2,"minecolonies:blockhuttownhall":1,"minecraft:ladder":2,"minecraft:brown_mushroom":5,"minecraft:warped_stairs":2,"minecraft:string":1,"create:piston_extension_pole":1,"create:water_wheel":3,"minecraft:cobbled_deepslate":94,"biomesoplenty:fir_planks":19,"minecraft:stripped_warped_stem":7,"minecraft:warped_slab":2,"minecraft:melon_slice":5,"minecraft:birch_sapling":1,"minecraft:furnace":1,"minecraft:egg":1,"minecraft:raw_iron":49,"minecraft:stick":2,"minecolonies:supplychestdeployer":2,"create:andesite_casing":8,"minecraft:torch":6,"createloveandwar:raw_sulphur":26,"minecraft:diorite":4,"minecraft:warped_planks":6,"minecraft:redstone":18,"create:large_cogwheel":1,"minecraft:arrow":9,"minecraft:rotten_flesh":16,"minecraft:mutton":1,"minecraft:cobblestone":106,"minecraft:birch_log":11,"minecraft:andesite":96,"biomesoplenty:fir_sapling":6,"biomesoplenty:fir_log":93,"minecraft:tuff":15,"create:raw_zinc":4,"minecraft:oak_log":35,"minecraft:lapis_lazuli":21,"minecraft:dirt":1,"extendedgears:shaftless_cogwheel":1,"minecraft:cooked_mutton":4,"minecraft:bone":6,"biomesoplenty:stripped_fir_log":4,"minecraft:wheat_seeds":19,"minecraft:raw_gold":11,"create:shaft":13,"minecraft:oak_planks":1,"minecraft:book":3,"biomesoplenty:toadstool":5,"create_hc:shaft":7,"minecraft:pumpkin":13,"minecraft:sweet_berries":8,"create:cogwheel":5,"minecraft:sand":6,"minecraft:gravel":2,"minecraft:white_bed":2,"minecraft:spruce_log":9,"minecraft:acacia_stairs":1,"minecraft:spider_eye":1,"minecraft:dried_kelp_block":1,"minecraft:diamond":5,"minecraft:granite":1,"biomesoplenty:pink_daffodil":1,"minecraft:black_wool":1,"minecraft:coal":6},"minecraft:broken":{"minecraft:wooden_axe":2}},"DataVersion":3465}