{"stats":{"minecraft:used":{"minecraft:cooked_mutton":4,"minecraft:rotten_flesh":4,"minecraft:mutton":6,"minecraft:crafting_table":3,"minecraft:white_bed":1,"minecolonies:supplychestdeployer":1,"minecraft:wooden_axe":90,"minecraft:melon_slice":5,"minecraft:warped_slab":2,"minecraft:cooked_beef":5,"minecraft:pumpkin":1,"structurize:sceptergold":4},"minecraft:killed_by":{"minecraft:skeleton":1},"minecraft:custom":{"minecraft:interact_with_furnace":3,"minecraft:mob_kills":7,"minecraft:interact_with_crafting_table":5,"minecraft:open_barrel":9,"minecraft:interact_with_campfire":4,"minecraft:bell_ring":1,"minecraft:interact_with_stonecutter":1,"minecraft:leave_game":3,"minecraft:time_since_death":55713,"minecraft:sleep_in_bed":4,"minecraft:climb_one_cm":2074,"minecraft:time_since_rest":7959,"minecraft:sprint_one_cm":206182,"minecraft:damage_taken":1083,"minecraft:walk_one_cm":120061,"minecraft:drop":2,"minecraft:damage_dealt":1067,"minecraft:swim_one_cm":22573,"minecraft:fly_one_cm":262281,"minecraft:open_chest":5,"minecraft:crouch_one_cm":139,"minecraft:play_time":65789,"minecraft:deaths":1,"minecraft:sneak_time":112,"minecraft:walk_under_water_one_cm":5967,"minecraft:jump":1260,"minecraft:walk_on_water_one_cm":14864,"minecraft:total_world_time":65789,"minecraft:fall_one_cm":43909},"minecraft:mined":{"minecraft:stripped_warped_stem":11,"minecraft:brown_mushroom":6,"minecraft:white_bed":2,"minecraft:warped_stairs":1,"minecraft:crafting_table":1,"minecraft:melon":1,"biomesoplenty:high_grass_plant":122,"minecraft:tall_grass":13,"biomesoplenty:huge_clover_petal":2,"minecraft:large_fern":1,"minecraft:warped_planks":7,"biomesoplenty:toadstool":5,"minecraft:birch_log":11,"biomesoplenty:pink_daffodil":1,"minecraft:spruce_log":9,"minecraft:acacia_stairs":1,"minecraft:pumpkin":15,"minecraft:grass":86,"biomesoplenty:clover":4,"minecraft:bookshelf":1,"minecraft:oak_log":10,"biomesoplenty:high_grass":82,"minecraft:oak_leaves":1,"minecraft:fern":3,"minecraft:warped_slab":2},"minecraft:dropped":{"minecolonies:blockhuttownhall":1,"minecraft:ladder":2},"minecraft:killed":{"minecraft:spider":1,"minecraft:sheep":1,"minecraft:skeleton":1,"minecraft:zombie":3},"minecraft:crafted":{"minecraft:cooked_beef":5,"minecraft:oak_door":3,"minecraft:oak_planks":40,"minecraft:crafting_table":3,"minecolonies:blockhutbuilder":1,"minecraft:birch_planks":44,"minecraft:pumpkin_seeds":40,"minecraft:air":0,"minecraft:warped_planks":28,"minecraft:stick":8,"minecraft:wooden_axe":2},"minecraft:picked_up":{"minecraft:birch_log":11,"minecraft:crafting_table":1,"minecolonies:blockhuttownhall":1,"minecraft:ladder":2,"minecraft:brown_mushroom":5,"minecraft:oak_log":10,"minecraft:warped_stairs":1,"minecraft:cooked_mutton":4,"minecraft:bone":2,"minecraft:wheat_seeds":17,"minecraft:stripped_warped_stem":7,"minecraft:warped_slab":2,"minecraft:melon_slice":5,"minecraft:birch_sapling":1,"minecraft:book":3,"biomesoplenty:toadstool":5,"minecolonies:supplychestdeployer":1,"minecraft:pumpkin":13,"minecraft:sweet_berries":8,"minecraft:torch":1,"minecraft:warped_planks":6,"minecraft:white_bed":2,"minecraft:spruce_log":9,"minecraft:acacia_stairs":1,"minecraft:arrow":2,"minecraft:rotten_flesh":4,"biomesoplenty:pink_daffodil":1,"minecraft:black_wool":1,"minecraft:mutton":1}},"DataVersion":3465}