{"stats":{"minecraft:custom":{"minecraft:mob_kills":81,"minecraft:interact_with_crafting_table":50,"minecraft:open_barrel":9,"minecraft:interact_with_campfire":4,"minecraft:bell_ring":1,"minecraft:leave_game":8,"minecraft:time_since_death":51546,"minecraft:climb_one_cm":6259,"minecraft:sprint_one_cm":640997,"minecraft:walk_one_cm":506646,"minecraft:damage_blocked_by_shield":1965,"minecraft:drop":33,"minecraft:play_time":298474,"minecraft:sneak_time":2515,"minecraft:deaths":3,"minecraft:walk_under_water_one_cm":54853,"minecraft:jump":4816,"minecraft:walk_on_water_one_cm":73531,"minecraft:total_world_time":298474,"minecraft:interact_with_furnace":75,"minecraft:interact_with_stonecutter":1,"minecraft:sleep_in_bed":12,"minecraft:time_since_rest":2904,"minecraft:damage_taken":5443,"minecraft:damage_dealt":11769,"minecraft:swim_one_cm":61419,"minecraft:fly_one_cm":900185,"minecraft:open_chest":40,"minecraft:crouch_one_cm":5632,"minecraft:fall_one_cm":162565},"minecraft:killed_by":{"minecraft:skeleton":1,"minecraft:zombie":1},"minecraft:used":{"minecraft:chest":2,"minecraft:shield":88,"minecraft:cooked_chicken":7,"minecraft:rotten_flesh":4,"minecraft:torch":20,"minecraft:dirt":12,"minecraft:mutton":6,"create:cogwheel":18,"create:depot":2,"minecraft:tuff":14,"minecraft:wooden_axe":133,"minecraft:lava_bucket":1,"create:gearbox":1,"minecraft:iron_axe":395,"create:encased_chain_drive":1,"create:shaft":6,"minecraft:sweet_berries":9,"minecraft:furnace":2,"minecraft:cooked_beef":23,"minecraft:cobbled_deepslate":47,"minecraft:pumpkin":1,"minecraft:cooked_mutton":33,"minecraft:water_bucket":15,"minecraft:stone_pickaxe":106,"minecraft:wooden_pickaxe":24,"biomesoplenty:fir_planks":53,"create:mechanical_saw":11,"biomesoplenty:fir_slab":8,"minecraft:crafting_table":10,"minecraft:white_bed":4,"create_hc:shaft":6,"minecolonies:supplychestdeployer":1,"minecraft:oak_log":18,"create:mechanical_press":1,"minecraft:iron_pickaxe":468,"minecraft:warped_slab":2,"minecraft:melon_slice":5,"create:water_wheel":5,"extendedgears:shaftless_cogwheel":4,"create:andesite_casing":5,"biomesoplenty:stripped_fir_log":2,"minecraft:cobblestone":25,"minecraft:cooked_porkchop":4,"minecraft:bucket":16,"create:hand_crank":4,"biomesoplenty:fir_log":7,"structurize:sceptergold":7,"create:large_cogwheel":4},"minecraft:crafted":{"minecraft:oak_door":3,"minecraft:oak_planks":68,"minecraft:iron_nugget":63,"comforts:sleeping_bag_white":1,"minecraft:cooked_chicken":7,"minecraft:furnace":1,"minecolonies:blockhutbuilder":1,"extendedgears:large_shaftless_cogwheel":3,"create_hc:saw_blade":1,"minecraft:cooked_mutton":31,"minecraft:warped_planks":28,"minecraft:glass":12,"minecraft:iron_axe":3,"biomesoplenty:fir_slab":12,"minecraft:stone_pickaxe":1,"minecraft:chest":3,"extendedgears:shaftless_cogwheel":18,"minecraft:spruce_boat":1,"create:cogwheel":7,"minecolonies:supplychestdeployer":1,"minecraft:cooked_beef":37,"create:andesite_alloy":45,"create:hand_crank":1,"extendedgears:half_shaft_cogwheel":4,"minecraft:cooked_porkchop":32,"minecraft:crafting_table":9,"minecraft:spruce_planks":36,"travelersbackpack:backpack_tank":2,"travelersbackpack:standard":1,"minecraft:wooden_pickaxe":1,"create:zinc_nugget":54,"minecraft:bucket":1,"minecraft:birch_planks":44,"minecraft:pumpkin_seeds":40,"minecraft:air":0,"biomesoplenty:fir_planks":308,"minecraft:oak_boat":4,"minecraft:charcoal":8,"create:water_wheel":2,"minecraft:shield":1,"create:super_glue":1,"minecraft:stick":36,"minecraft:iron_pickaxe":3,"minecraft:iron_ingot":67,"minecraft:wooden_axe":3,"minecraft:iron_block":1,"minecraft:gold_ingot":1,"create:large_cogwheel":3,"biomesoplenty:fir_button":23,"create_hc:press_head":1,"minecraft:torch":28,"create:zinc_ingot":22,"minecraft:shears":1},"minecraft:killed":{"minecraft:cave_spider":2,"minecraft:spider":7,"minecraft:slime":15,"minecraft:skeleton":17,"minecraft:drowned":3,"minecraft:bat":1,"minecraft:sheep":2,"minecraft:pillager":2,"minecraft:zombie":27,"minecraft:cow":4},"minecraft:dropped":{"biomesoplenty:fir_log":1,"minecolonies:supplychestdeployer":2,"minecraft:iron_ingot":11,"minecraft:cobblestone":3,"biomesoplenty:fir_slab":6,"minecraft:stick":7,"minecraft:dirt":2,"minecraft:warped_stairs":1,"minecraft:mutton":1,"minecraft:wooden_axe":1,"gravestone:obituary":2,"minecraft:sand":6,"minecraft:oak_door":2,"minecraft:rotten_flesh":5,"create:turntable":1,"minecolonies:blockhuttownhall":1,"minecraft:oak_sapling":12,"minecraft:ladder":2,"minecraft:arrow":6,"createloveandwar:raw_sulphur":1},"minecraft:mined":{"create:zinc_ore":4,"createloveandwar:deepslate_sulphur_ore":8,"minecraft:stripped_warped_stem":11,"create:deepslate_zinc_ore":18,"minecraft:tuff":17,"minecraft:white_bed":3,"minecraft:deepslate_diamond_ore":14,"create:andesite_casing":8,"create_hc:shaft":8,"minecraft:warped_stairs":1,"gravestone:gravestone":2,"minecraft:granite":1,"biomesoplenty:fir_slab":2,"minecraft:grass_block":10,"create:large_cogwheel":1,"create:depot":2,"biomesoplenty:stripped_fir_log":4,"minecraft:large_fern":1,"create:shaft":17,"minecraft:furnace":1,"extendedgears:shaftless_cogwheel":4,"biomesoplenty:toadstool":5,"minecolonies:blockconstructiontape":1,"minecraft:iron_ore":30,"minecraft:andesite":99,"minecraft:acacia_stairs":1,"minecraft:pumpkin":15,"minecraft:deepslate_lapis_ore":2,"biomesoplenty:hanging_cobweb":1,"minecraft:bookshelf":1,"biomesoplenty:high_grass":82,"minecraft:deepslate_iron_ore":42,"minecraft:stone":132,"biomesoplenty:spider_egg":1,"create:mechanical_press":1,"minecraft:deepslate_redstone_ore":4,"create:radial_chassis":1,"create:cogwheel":7,"minecraft:brown_mushroom":6,"minecolonies:blockminecoloniesgrave":1,"create:piston_extension_pole":1,"biomesoplenty:hanging_cobweb_strand":1,"minecraft:crafting_table":2,"minecraft:torch":4,"createloveandwar:sulphur_ore":1,"biomesoplenty:fir_planks":27,"minecraft:melon":1,"create:water_wheel":3,"biomesoplenty:high_grass_plant":122,"minecraft:tall_grass":15,"minecraft:deepslate_gold_ore":24,"minecraft:dried_kelp_block":1,"minecraft:lapis_ore":1,"biomesoplenty:huge_clover_petal":2,"create_hc:gear_large":2,"minecraft:oak_planks":1,"minecraft:diorite":8,"minecraft:wall_torch":3,"create:mechanical_saw":12,"minecraft:warped_planks":7,"create:gearbox":1,"minecraft:birch_log":11,"minecraft:sweet_berry_bush":5,"biomesoplenty:pink_daffodil":1,"minecraft:spruce_log":9,"create:turntable":2,"biomesoplenty:fir_log":93,"minecraft:grass":102,"biomesoplenty:clover":4,"minecraft:oak_log":35,"minecraft:coal_ore":8,"biomesoplenty:fir_leaves":27,"create_hc:gear_small":3,"create:hand_crank":1,"minecraft:gravel":2,"minecraft:sand":17,"minecraft:dirt":6,"biomesoplenty:stringy_cobweb":1,"create:encased_chain_drive":2,"minecraft:oak_leaves":6,"minecraft:deepslate":108,"minecraft:fern":3,"minecraft:warped_slab":2},"minecraft:picked_up":{"minecraft:charcoal":24,"minecraft:crafting_table":2,"minecolonies:blockhuttownhall":1,"minecraft:ladder":2,"minecraft:brown_mushroom":5,"create_hc:gear_small":3,"minecraft:warped_stairs":2,"minecraft:string":4,"create:piston_extension_pole":1,"create:water_wheel":3,"create:mechanical_press":1,"minecraft:cobbled_deepslate":116,"biomesoplenty:fir_planks":24,"minecraft:stripped_warped_stem":7,"minecraft:beef":6,"minecraft:warped_slab":2,"create_hc:gear_large":1,"minecraft:melon_slice":5,"minecraft:birch_sapling":1,"minecraft:furnace":1,"minecraft:egg":1,"minecolonies:supplychestdeployer":2,"minecraft:stick":7,"minecraft:raw_iron":67,"minecraft:torch":6,"create:andesite_casing":8,"createloveandwar:raw_sulphur":26,"create:hand_crank":4,"minecraft:diorite":4,"minecraft:warped_planks":6,"minecraft:redstone":18,"create:large_cogwheel":1,"minecraft:arrow":13,"minecraft:rotten_flesh":18,"create:depot":2,"biomesoplenty:fir_slab":2,"minecraft:mutton":2,"minecraft:white_wool":5,"minecraft:cobblestone":106,"minecraft:birch_log":16,"minecraft:andesite":96,"minecraft:leather":4,"biomesoplenty:fir_sapling":6,"biomesoplenty:fir_log":94,"minecraft:tuff":15,"create:raw_zinc":22,"minecraft:oak_log":61,"minecraft:lapis_lazuli":21,"extendedgears:shaftless_cogwheel":4,"minecraft:dirt":16,"create:encased_chain_drive":2,"minecraft:cooked_mutton":4,"minecraft:bone":10,"biomesoplenty:stripped_fir_log":4,"minecraft:apple":2,"minecraft:bow":1,"minecraft:wheat_seeds":19,"minecraft:raw_gold":23,"minecraft:iron_ingot":5,"create:shaft":17,"minecraft:oak_planks":1,"create:mechanical_saw":12,"minecraft:book":3,"biomesoplenty:toadstool":5,"create:radial_chassis":1,"create_hc:shaft":7,"minecraft:pumpkin":13,"minecraft:sweet_berries":8,"create:cogwheel":7,"minecraft:gravel":2,"minecraft:sand":18,"minecraft:white_bed":4,"minecraft:spruce_log":9,"minecraft:acacia_stairs":1,"create:turntable":2,"minecraft:spider_eye":4,"create:gearbox":1,"minecraft:dried_kelp_block":1,"minecraft:slime_ball":12,"minecraft:diamond":14,"minecraft:granite":1,"biomesoplenty:pink_daffodil":1,"minecraft:oak_sapling":12,"minecraft:black_wool":1,"minecraft:coal":6,"minecraft:wooden_axe":1},"minecraft:broken":{"minecraft:iron_axe":2,"minecraft:wooden_axe":2}},"DataVersion":3465}