{"stats":{"minecraft:custom":{"minecraft:interact_with_furnace":29,"minecraft:mob_kills":11,"minecraft:interact_with_crafting_table":12,"minecraft:open_barrel":9,"minecraft:interact_with_campfire":4,"minecraft:bell_ring":1,"minecraft:interact_with_stonecutter":1,"minecraft:leave_game":5,"minecraft:time_since_death":101645,"minecraft:sleep_in_bed":5,"minecraft:climb_one_cm":5646,"minecraft:time_since_rest":36592,"minecraft:sprint_one_cm":300074,"minecraft:damage_taken":1518,"minecraft:walk_one_cm":196663,"minecraft:drop":7,"minecraft:damage_dealt":1741,"minecraft:swim_one_cm":32352,"minecraft:fly_one_cm":387991,"minecraft:play_time":111721,"minecraft:open_chest":10,"minecraft:crouch_one_cm":762,"minecraft:sneak_time":327,"minecraft:deaths":1,"minecraft:walk_under_water_one_cm":19761,"minecraft:jump":1913,"minecraft:walk_on_water_one_cm":28826,"minecraft:total_world_time":111721,"minecraft:fall_one_cm":66733},"minecraft:killed_by":{"minecraft:skeleton":1},"minecraft:used":{"minecraft:cooked_mutton":6,"minecraft:stone_pickaxe":106,"minecraft:chest":2,"minecraft:wooden_pickaxe":24,"minecraft:cooked_chicken":4,"minecraft:rotten_flesh":4,"minecraft:torch":10,"minecraft:mutton":6,"minecraft:crafting_table":7,"minecraft:white_bed":1,"minecolonies:supplychestdeployer":1,"minecraft:wooden_axe":102,"minecraft:melon_slice":5,"minecraft:warped_slab":2,"minecraft:cobblestone":9,"minecraft:sweet_berries":9,"minecraft:cooked_porkchop":4,"structurize:sceptergold":7,"minecraft:cooked_beef":5,"minecraft:pumpkin":1},"minecraft:crafted":{"minecraft:cooked_beef":21,"minecraft:oak_door":3,"minecraft:oak_planks":64,"minecraft:cooked_porkchop":32,"minecraft:crafting_table":6,"minecraft:spruce_planks":36,"minecraft:wooden_pickaxe":1,"minecraft:cooked_chicken":7,"minecolonies:blockhutbuilder":1,"minecraft:birch_planks":44,"minecraft:pumpkin_seeds":40,"minecraft:cooked_mutton":31,"minecraft:air":0,"minecraft:warped_planks":28,"minecraft:oak_boat":4,"minecraft:shield":1,"minecraft:iron_axe":1,"minecraft:stick":32,"minecraft:iron_ingot":26,"minecraft:iron_pickaxe":1,"minecraft:stone_pickaxe":1,"minecraft:wooden_axe":3,"minecraft:chest":2,"minecraft:spruce_boat":1,"minecraft:torch":8,"minecolonies:supplychestdeployer":1},"minecraft:killed":{"minecraft:spider":1,"minecraft:sheep":1,"minecraft:skeleton":3,"minecraft:zombie":5},"minecraft:dropped":{"minecraft:oak_door":2,"minecolonies:supplychestdeployer":2,"minecolonies:blockhuttownhall":1,"minecraft:warped_stairs":1,"minecraft:ladder":2,"gravestone:obituary":1},"minecraft:mined":{"createloveandwar:deepslate_sulphur_ore":1,"minecraft:stripped_warped_stem":11,"minecraft:white_bed":2,"minecraft:brown_mushroom":6,"minecolonies:blockminecoloniesgrave":1,"minecraft:warped_stairs":1,"minecraft:crafting_table":2,"minecraft:torch":4,"createloveandwar:sulphur_ore":1,"minecraft:grass_block":1,"minecraft:melon":1,"biomesoplenty:high_grass_plant":122,"minecraft:tall_grass":15,"minecraft:dried_kelp_block":1,"minecraft:lapis_ore":1,"biomesoplenty:huge_clover_petal":2,"minecraft:wall_torch":3,"minecraft:large_fern":1,"minecraft:warped_planks":7,"minecolonies:blockconstructiontape":1,"biomesoplenty:toadstool":5,"minecraft:birch_log":11,"minecraft:iron_ore":24,"minecraft:sweet_berry_bush":5,"biomesoplenty:pink_daffodil":1,"minecraft:spruce_log":9,"minecraft:acacia_stairs":1,"minecraft:pumpkin":15,"minecraft:deepslate_lapis_ore":2,"minecraft:grass":94,"biomesoplenty:clover":4,"minecraft:bookshelf":1,"minecraft:oak_log":16,"minecraft:coal_ore":4,"biomesoplenty:high_grass":82,"minecraft:deepslate_iron_ore":2,"minecraft:gravel":2,"minecraft:stone":87,"minecraft:oak_leaves":1,"minecraft:deepslate":2,"minecraft:fern":3,"minecraft:warped_slab":2},"minecraft:picked_up":{"minecraft:crafting_table":2,"minecolonies:blockhuttownhall":1,"minecraft:ladder":2,"minecraft:brown_mushroom":5,"minecraft:oak_log":16,"minecraft:warped_stairs":2,"minecraft:lapis_lazuli":21,"minecraft:cooked_mutton":4,"minecraft:bone":4,"minecraft:wheat_seeds":18,"minecraft:cobbled_deepslate":2,"minecraft:stripped_warped_stem":7,"minecraft:warped_slab":2,"minecraft:melon_slice":5,"minecraft:birch_sapling":1,"minecraft:egg":1,"minecraft:book":3,"biomesoplenty:toadstool":5,"minecraft:raw_iron":26,"minecolonies:supplychestdeployer":2,"minecraft:pumpkin":13,"minecraft:sweet_berries":8,"minecraft:torch":5,"minecraft:gravel":2,"createloveandwar:raw_sulphur":7,"minecraft:white_bed":2,"minecraft:spruce_log":9,"minecraft:warped_planks":6,"minecraft:acacia_stairs":1,"minecraft:arrow":5,"minecraft:dried_kelp_block":1,"minecraft:rotten_flesh":6,"biomesoplenty:pink_daffodil":1,"minecraft:black_wool":1,"minecraft:mutton":1,"minecraft:coal":2,"minecraft:cobblestone":85,"minecraft:birch_log":11},"minecraft:broken":{"minecraft:wooden_axe":1}},"DataVersion":3465}