{"stats":{"minecraft:custom":{"minecraft:mob_kills":18,"minecraft:interact_with_crafting_table":12,"minecraft:open_barrel":9,"minecraft:interact_with_campfire":4,"minecraft:bell_ring":1,"minecraft:leave_game":5,"minecraft:time_since_death":119645,"minecraft:climb_one_cm":5646,"minecraft:sprint_one_cm":336109,"minecraft:walk_one_cm":226925,"minecraft:damage_blocked_by_shield":770,"minecraft:drop":8,"minecraft:play_time":129721,"minecraft:deaths":1,"minecraft:sneak_time":343,"minecraft:walk_under_water_one_cm":23136,"minecraft:jump":2266,"minecraft:walk_on_water_one_cm":36696,"minecraft:total_world_time":129721,"minecraft:interact_with_furnace":29,"minecraft:interact_with_stonecutter":1,"minecraft:sleep_in_bed":5,"minecraft:time_since_rest":54592,"minecraft:damage_taken":2288,"minecraft:damage_dealt":2452,"minecraft:swim_one_cm":36107,"minecraft:fly_one_cm":436814,"minecraft:open_chest":10,"minecraft:crouch_one_cm":762,"minecraft:fall_one_cm":81311},"minecraft:killed_by":{"minecraft:skeleton":1},"minecraft:used":{"minecraft:chest":2,"minecraft:shield":56,"minecraft:cooked_chicken":4,"minecraft:rotten_flesh":4,"minecraft:torch":13,"minecraft:mutton":6,"minecraft:wooden_axe":109,"minecraft:iron_axe":134,"minecraft:sweet_berries":9,"minecraft:cooked_beef":13,"minecraft:pumpkin":1,"minecraft:cooked_mutton":6,"minecraft:stone_pickaxe":106,"minecraft:wooden_pickaxe":24,"biomesoplenty:fir_planks":4,"minecraft:crafting_table":7,"minecraft:white_bed":1,"minecolonies:supplychestdeployer":1,"minecraft:melon_slice":5,"minecraft:warped_slab":2,"minecraft:iron_pickaxe":71,"minecraft:cobblestone":9,"minecraft:cooked_porkchop":4,"biomesoplenty:fir_log":6,"structurize:sceptergold":7},"minecraft:crafted":{"minecraft:oak_door":3,"minecraft:oak_planks":64,"minecraft:cooked_chicken":7,"minecolonies:blockhutbuilder":1,"minecraft:cooked_mutton":31,"minecraft:warped_planks":28,"minecraft:iron_axe":1,"minecraft:stone_pickaxe":1,"minecraft:chest":2,"minecraft:spruce_boat":1,"minecolonies:supplychestdeployer":1,"minecraft:cooked_beef":21,"minecraft:cooked_porkchop":32,"minecraft:crafting_table":6,"minecraft:spruce_planks":36,"minecraft:wooden_pickaxe":1,"minecraft:birch_planks":44,"minecraft:pumpkin_seeds":40,"minecraft:air":0,"biomesoplenty:fir_planks":8,"minecraft:oak_boat":4,"minecraft:shield":1,"minecraft:stick":32,"minecraft:iron_ingot":26,"minecraft:iron_pickaxe":1,"minecraft:wooden_axe":3,"minecraft:torch":8},"minecraft:killed":{"minecraft:spider":3,"minecraft:skeleton":3,"minecraft:sheep":1,"minecraft:zombie":10},"minecraft:dropped":{"minecolonies:supplychestdeployer":2,"minecraft:warped_stairs":1,"minecraft:wooden_axe":1,"gravestone:obituary":1,"minecraft:oak_door":2,"minecolonies:blockhuttownhall":1,"minecraft:ladder":2},"minecraft:mined":{"create:zinc_ore":1,"createloveandwar:deepslate_sulphur_ore":6,"minecraft:stripped_warped_stem":11,"minecraft:tuff":1,"minecraft:white_bed":2,"minecraft:deepslate_diamond_ore":2,"minecraft:warped_stairs":1,"minecraft:grass_block":1,"minecraft:large_fern":1,"biomesoplenty:stripped_fir_log":2,"biomesoplenty:toadstool":5,"minecolonies:blockconstructiontape":1,"minecraft:iron_ore":24,"minecraft:acacia_stairs":1,"minecraft:andesite":27,"minecraft:pumpkin":15,"minecraft:deepslate_lapis_ore":2,"minecraft:bookshelf":1,"biomesoplenty:high_grass":82,"minecraft:deepslate_iron_ore":6,"minecraft:stone":90,"minecraft:brown_mushroom":6,"minecolonies:blockminecoloniesgrave":1,"minecraft:crafting_table":2,"minecraft:torch":4,"createloveandwar:sulphur_ore":1,"minecraft:melon":1,"biomesoplenty:high_grass_plant":122,"minecraft:tall_grass":15,"minecraft:dried_kelp_block":1,"biomesoplenty:huge_clover_petal":2,"minecraft:lapis_ore":1,"minecraft:deepslate_gold_ore":5,"minecraft:wall_torch":3,"minecraft:warped_planks":7,"minecraft:birch_log":11,"minecraft:sweet_berry_bush":5,"biomesoplenty:pink_daffodil":1,"minecraft:spruce_log":9,"biomesoplenty:fir_log":93,"minecraft:grass":97,"biomesoplenty:clover":4,"minecraft:coal_ore":4,"minecraft:oak_log":16,"biomesoplenty:fir_leaves":27,"minecraft:gravel":2,"minecraft:oak_leaves":1,"minecraft:deepslate":25,"minecraft:fern":3,"minecraft:warped_slab":2},"minecraft:picked_up":{"minecraft:wooden_axe":1,"minecraft:crafting_table":2,"minecolonies:blockhuttownhall":1,"minecraft:ladder":2,"minecraft:brown_mushroom":5,"minecraft:warped_stairs":2,"minecraft:string":1,"minecraft:cobbled_deepslate":29,"minecraft:stripped_warped_stem":7,"minecraft:warped_slab":2,"minecraft:melon_slice":5,"minecraft:birch_sapling":1,"minecraft:egg":1,"minecolonies:supplychestdeployer":2,"minecraft:stick":2,"minecraft:raw_iron":30,"minecraft:torch":5,"createloveandwar:raw_sulphur":20,"minecraft:warped_planks":6,"minecraft:arrow":5,"minecraft:rotten_flesh":7,"minecraft:mutton":1,"minecraft:cobblestone":88,"minecraft:birch_log":11,"minecraft:andesite":26,"biomesoplenty:fir_sapling":6,"biomesoplenty:fir_log":93,"minecraft:tuff":1,"create:raw_zinc":1,"minecraft:oak_log":16,"minecraft:lapis_lazuli":21,"minecraft:cooked_mutton":4,"minecraft:bone":4,"biomesoplenty:stripped_fir_log":2,"minecraft:wheat_seeds":19,"minecraft:raw_gold":5,"minecraft:book":3,"biomesoplenty:toadstool":5,"minecraft:pumpkin":13,"minecraft:sweet_berries":8,"minecraft:gravel":2,"minecraft:white_bed":2,"minecraft:spruce_log":9,"minecraft:acacia_stairs":1,"minecraft:spider_eye":1,"minecraft:dried_kelp_block":1,"minecraft:diamond":2,"biomesoplenty:pink_daffodil":1,"minecraft:black_wool":1,"minecraft:coal":2},"minecraft:broken":{"minecraft:wooden_axe":1}},"DataVersion":3465}