{
  "minecraft:recipes/decorations/crafting_table": {
    "criteria": {
      "unlock_right_away": "2024-07-26 23:27:18 +0000"
    },
    "done": true
  },
  "biomesoplenty:biomesoplenty/root": {
    "criteria": {
      "grassland": "2024-07-26 23:27:20 +0000"
    },
    "done": true
  },
  "biomesoplenty:biomesoplenty/all_biomes": {
    "criteria": {
      "shrubland": "2024-07-26 23:32:45 +0000",
      "rocky_shrubland": "2024-07-26 23:39:30 +0000",
      "maple_woods": "2024-07-26 23:40:29 +0000",
      "orchard": "2024-07-26 23:43:32 +0000",
      "lavender_forest": "2024-07-26 23:30:41 +0000",
      "coniferous_forest": "2024-07-26 23:39:53 +0000",
      "redwood_forest": "2024-07-26 23:43:56 +0000",
      "seasonal_forest": "2024-07-26 23:40:35 +0000",
      "pasture": "2024-07-26 23:32:44 +0000",
      "fir_clearing": "2024-07-26 23:39:35 +0000",
      "grassland": "2024-07-26 23:27:20 +0000",
      "crag": "2024-07-26 23:40:00 +0000"
    },
    "done": false
  },
  "minecraft:adventure/adventuring_time": {
    "criteria": {
      "minecraft:cherry_grove": "2024-07-26 23:31:25 +0000",
      "minecraft:sunflower_plains": "2024-07-26 23:31:34 +0000",
      "minecraft:birch_forest": "2024-07-26 23:42:43 +0000",
      "minecraft:beach": "2024-07-26 23:27:22 +0000",
      "minecraft:river": "2024-07-26 23:42:42 +0000",
      "minecraft:stony_shore": "2024-07-26 23:42:21 +0000",
      "minecraft:cold_ocean": "2024-07-26 23:40:48 +0000",
      "minecraft:forest": "2024-07-26 23:40:42 +0000",
      "minecraft:deep_cold_ocean": "2024-07-26 23:40:59 +0000",
      "minecraft:ocean": "2024-07-26 23:42:03 +0000",
      "minecraft:flower_forest": "2024-07-26 23:31:56 +0000",
      "minecraft:old_growth_birch_forest": "2024-07-26 23:43:23 +0000",
      "minecraft:meadow": "2024-07-26 23:32:04 +0000",
      "minecraft:plains": "2024-07-26 23:29:43 +0000"
    },
    "done": false
  },
  "biomesoplenty:recipes/transportation/willow_boat": {
    "criteria": {
      "in_water": "2024-07-26 23:28:50 +0000"
    },
    "done": true
  },
  "minecraft:recipes/transportation/cherry_boat": {
    "criteria": {
      "in_water": "2024-07-26 23:28:50 +0000"
    },
    "done": true
  },
  "biomesoplenty:recipes/transportation/umbran_boat": {
    "criteria": {
      "in_water": "2024-07-26 23:28:50 +0000"
    },
    "done": true
  },
  "minecraft:recipes/transportation/bamboo_raft": {
    "criteria": {
      "in_water": "2024-07-26 23:28:50 +0000"
    },
    "done": true
  },
  "biomesoplenty:recipes/transportation/dead_boat": {
    "criteria": {
      "in_water": "2024-07-26 23:28:50 +0000"
    },
    "done": true
  },
  "biomesoplenty:recipes/transportation/magic_boat": {
    "criteria": {
      "in_water": "2024-07-26 23:28:50 +0000"
    },
    "done": true
  },
  "minecraft:recipes/transportation/acacia_boat": {
    "criteria": {
      "in_water": "2024-07-26 23:28:50 +0000"
    },
    "done": true
  },
  "minecraft:recipes/transportation/jungle_boat": {
    "criteria": {
      "in_water": "2024-07-26 23:28:50 +0000"
    },
    "done": true
  },
  "biomesoplenty:recipes/transportation/fir_boat": {
    "criteria": {
      "in_water": "2024-07-26 23:28:50 +0000"
    },
    "done": true
  },
  "minecraft:recipes/transportation/spruce_boat": {
    "criteria": {
      "in_water": "2024-07-26 23:28:50 +0000"
    },
    "done": true
  },
  "minecraft:recipes/transportation/birch_boat": {
    "criteria": {
      "in_water": "2024-07-26 23:28:50 +0000"
    },
    "done": true
  },
  "minecraft:recipes/transportation/oak_boat": {
    "criteria": {
      "in_water": "2024-07-26 23:28:50 +0000"
    },
    "done": true
  },
  "biomesoplenty:recipes/transportation/redwood_boat": {
    "criteria": {
      "in_water": "2024-07-26 23:28:50 +0000"
    },
    "done": true
  },
  "minecraft:recipes/transportation/mangrove_boat": {
    "criteria": {
      "in_water": "2024-07-26 23:28:50 +0000"
    },
    "done": true
  },
  "biomesoplenty:recipes/transportation/hellbark_boat": {
    "criteria": {
      "in_water": "2024-07-26 23:28:50 +0000"
    },
    "done": true
  },
  "biomesoplenty:recipes/transportation/jacaranda_boat": {
    "criteria": {
      "in_water": "2024-07-26 23:28:50 +0000"
    },
    "done": true
  },
  "biomesoplenty:recipes/transportation/mahogany_boat": {
    "criteria": {
      "in_water": "2024-07-26 23:28:50 +0000"
    },
    "done": true
  },
  "biomesoplenty:recipes/transportation/palm_boat": {
    "criteria": {
      "in_water": "2024-07-26 23:28:50 +0000"
    },
    "done": true
  },
  "minecraft:recipes/transportation/dark_oak_boat": {
    "criteria": {
      "in_water": "2024-07-26 23:28:50 +0000"
    },
    "done": true
  },
  "create:root": {
    "criteria": {
      "0": "2024-07-26 23:30:13 +0000"
    },
    "done": true
  },
  "DataVersion": 3465
}